method,bits,R,bias_sq,variance,mse_check,mse_actual
deterministic,8,1,1.366960714221932e-05,0.0,1.366960714221932e-05,1.366960714221932e-05
deterministic,8,2,1.366960714221932e-05,0.0,1.366960714221932e-05,1.366960714221932e-05
deterministic,8,4,1.366960714221932e-05,0.0,1.366960714221932e-05,1.366960714221932e-05
deterministic,8,8,1.3669608051714022e-05,0.0,1.3669608051714022e-05,1.3669608051714022e-05
deterministic,8,16,1.3669609870703425e-05,0.0,1.3669609870703425e-05,1.3669609870703425e-05
deterministic,8,32,1.3669609870703425e-05,0.0,1.3669609870703425e-05,1.3669609870703425e-05
stochastic,8,1,2.731157337620971e-06,2.462345400999766e-05,2.735461134761863e-05,2.73526338787633e-05
stochastic,8,2,1.3678185268872767e-06,1.2317716937104706e-05,1.3685535463991982e-05,1.368719258607598e-05
stochastic,8,4,6.841810886726307e-07,6.160974407976028e-06,6.845155496648658e-06,6.84490692037798e-06
stochastic,8,8,3.422885015424981e-07,3.079324869759148e-06,3.421613371301646e-06,3.421674841774802e-06
stochastic,8,16,1.7087930359593884e-07,1.5395581840493833e-06,1.7104374876453221e-06,1.710188553261105e-06
stochastic,8,32,8.547425522920093e-08,7.695555837017309e-07,8.550298389309319e-07,8.546920184926421e-07
deterministic,6,1,0.0002242305490653962,0.0,0.0002242305490653962,0.0002242305490653962
deterministic,6,2,0.0002242305490653962,0.0,0.0002242305490653962,0.0002242305490653962
deterministic,6,4,0.0002242305490653962,0.0,0.0002242305490653962,0.0002242305490653962
deterministic,6,8,0.0002242305490653962,0.0,0.0002242305490653962,0.0002242305490653962
deterministic,6,16,0.0002242305490653962,0.0,0.0002242305490653962,0.0002242305490653962
deterministic,6,32,0.0002242305490653962,0.0,0.0002242305490653962,0.0002242305490653962
stochastic,6,1,4.4882603106088936e-05,0.0004033671284560114,0.00044824973156210035,0.0004482494288822636
stochastic,6,2,2.2444670321419835e-05,0.0002016941289184615,0.00022413879923988134,0.00022413915430661291
stochastic,6,4,1.121867899200879e-05,0.00010084986570291221,0.000112068544694921,0.00011206864583073184
stochastic,6,8,5.600870281341486e-06,5.0414175348123536e-05,5.601504562946502e-05,5.6016247617662886e-05
stochastic,6,16,2.8036683943355456e-06,2.5217919755959883e-05,2.802158815029543e-05,2.80209984339308e-05
stochastic,6,32,1.4042436760064447e-06,1.2613385479198769e-05,1.4017629155205213e-05,1.4018224101164379e-05
deterministic,4,1,0.00395866297185421,0.0,0.00395866297185421,0.00395866297185421
deterministic,4,2,0.00395866297185421,0.0,0.00395866297185421,0.00395866297185421
deterministic,4,4,0.00395866297185421,0.0,0.00395866297185421,0.00395866297185421
deterministic,4,8,0.00395866297185421,0.0,0.00395866297185421,0.00395866297185421
deterministic,4,16,0.00395866297185421,0.0,0.00395866297185421,0.00395866297185421
deterministic,4,32,0.00395866297185421,0.0,0.00395866297185421,0.00395866297185421
stochastic,4,1,0.0007907763356342912,0.007121701259166002,0.007912477594800293,0.007912476360797883
stochastic,4,2,0.00039494220982305706,0.0035616678651422262,0.003956610074965283,0.003956605913117528
stochastic,4,4,0.00019755294488277286,0.0017802227521315217,0.0019777756970142946,0.0019777755020186304
stochastic,4,8,9.880110883386806e-05,0.0008905910071916878,0.0009893921160255559,0.000989391084294766
stochastic,4,16,4.94238811370451e-05,0.0004452442517504096,0.0004946681328874547,0.000494667497696355
stochastic,4,32,2.4730519726290368e-05,0.00022255233488976955,0.0002472828546160599,0.0002472827793098986
deterministic,3,1,0.01821933314204216,0.0,0.01821933314204216,0.01821933314204216
deterministic,3,2,0.01821933314204216,0.0,0.01821933314204216,0.01821933314204216
deterministic,3,4,0.01821933314204216,0.0,0.01821933314204216,0.01821933314204216
deterministic,3,8,0.01821933314204216,0.0,0.01821933314204216,0.01821933314204216
deterministic,3,16,0.01821933314204216,0.0,0.01821933314204216,0.01821933314204216
deterministic,3,32,0.01821933314204216,0.0,0.01821933314204216,0.01821933314204216
stochastic,3,1,0.003636007895693183,0.03273659199476242,0.036372599890455604,0.03637259975075722
stochastic,3,2,0.001818781136535108,0.01637798175215721,0.01819676288869232,0.018196765519678592
stochastic,3,4,0.0009080742602236569,0.00818987563252449,0.009097949892748147,0.009097948856651782
stochastic,3,8,0.00045444408897310495,0.004092772025614977,0.004547216114588082,0.00454721711575985
stochastic,3,16,0.00022739343694411218,0.002045886591076851,0.002273280028020963,0.0022732817335054277
stochastic,3,32,0.0001137009312515147,0.0010235955705866218,0.0011372965018381365,0.0011372940381988883
deterministic,2,1,0.10012243688106537,0.0,0.10012243688106537,0.10012243688106537
deterministic,2,2,0.10012243688106537,0.0,0.10012243688106537,0.10012243688106537
deterministic,2,4,0.10012243688106537,0.0,0.10012243688106537,0.10012243688106537
deterministic,2,8,0.10012243688106537,0.0,0.10012243688106537,0.10012243688106537
deterministic,2,16,0.10012243688106537,0.0,0.10012243688106537,0.10012243688106537
deterministic,2,32,0.10012243688106537,0.0,0.10012243688106537,0.10012243688106537
stochastic,2,1,0.01989297941327095,0.17931246757507324,0.1992054469883442,0.19920544475317
stochastic,2,2,0.009960773400962353,0.08965020626783371,0.09961097966879606,0.09961098358035088
stochastic,2,4,0.00498414970934391,0.04481485113501549,0.0497990008443594,0.04979899860918522
stochastic,2,8,0.0024933218955993652,0.022411003708839417,0.024904325604438782,0.024904325045645236
stochastic,2,16,0.0012468554778024554,0.01120322197675705,0.012450077454559505,0.012450077570974827
stochastic,2,32,0.000622656021732837,0.005604172125458717,0.006226828147191554,0.006226827669888735
