method,bits,R,seed,mse,rel_error,divergence,accuracy
deterministic,8,1,,1.366960714221932e-05,0.004535123240202665,0.0,0.856
deterministic,8,2,,1.366960714221932e-05,0.004535123240202665,0.07503455877304077,0.856
deterministic,8,4,,1.366960714221932e-05,0.004535123240202665,0.05002304166555405,0.856
deterministic,8,8,,1.3669608051714022e-05,0.004535123240202665,0.042876895517110825,0.856
deterministic,8,16,,1.3669609870703425e-05,0.004535123705863953,0.040018435567617416,0.856
deterministic,8,32,,1.3669609870703425e-05,0.004535123705863953,0.03872751444578171,0.856
stochastic,8,1,0,2.736266287683975e-05,0.0064157163724303246,0.0,0.856
stochastic,8,2,0,1.3677062270289753e-05,0.004536006134003401,0.5044864416122437,0.856
stochastic,8,4,0,6.837575256213313e-06,0.0032078400254249573,0.47875964641571045,0.856
stochastic,8,8,0,3.4202164442831418e-06,0.002268510404974222,0.4717041552066803,0.857
stochastic,8,16,0,1.7099124534070143e-06,0.0016040856717154384,0.46898114681243896,0.857
stochastic,8,32,0,8.540592943973024e-07,0.0011334316805005074,0.46761956810951233,0.857
stochastic,8,1,1,2.732644679781515e-05,0.006411955691874027,0.0,0.856
stochastic,8,2,1,1.3672334716829937e-05,0.004534492269158363,0.5038282871246338,0.857
stochastic,8,4,1,6.849103556305636e-06,0.003208969486877322,0.47901496291160583,0.856
stochastic,8,8,1,3.427226147323381e-06,0.002270227065309882,0.471688836812973,0.856
stochastic,8,16,1,1.712228481665079e-06,0.0016047003446146846,0.46886390447616577,0.857
stochastic,8,32,1,8.562878974771593e-07,0.001135250087827444,0.46758750081062317,0.857
stochastic,8,1,2,2.732458415266592e-05,0.0064117079600691795,0.0,0.857
stochastic,8,2,2,1.3695813322556205e-05,0.004539337009191513,0.5033789873123169,0.857
stochastic,8,4,2,6.833387033111649e-06,0.0032063517719507217,0.4789370596408844,0.857
stochastic,8,8,2,3.4188885820185533e-06,0.002268151380121708,0.4718441665172577,0.857
stochastic,8,16,2,1.7094905615522293e-06,0.0016035548178479075,0.4689689874649048,0.857
stochastic,8,32,2,8.537525104657107e-07,0.0011333144502714276,0.4676584005355835,0.857
stochastic,8,1,3,2.7350015443516895e-05,0.006414834875613451,0.0,0.856
stochastic,8,2,3,1.3675575246452354e-05,0.004536622669547796,0.504114031791687,0.857
stochastic,8,4,3,6.838108220108552e-06,0.0032082414254546165,0.47893598675727844,0.857
stochastic,8,8,3,3.4250872431584867e-06,0.0022700894623994827,0.4716900587081909,0.857
stochastic,8,16,3,1.7109679220084217e-06,0.0016044980147853494,0.4688640236854553,0.857
stochastic,8,32,3,8.540120006728102e-07,0.0011335121234878898,0.4675818979740143,0.857
stochastic,8,1,4,2.731044151005335e-05,0.006410060916095972,0.0,0.857
stochastic,8,2,4,1.3688137187273242e-05,0.0045372312888503075,0.5042884945869446,0.856
stochastic,8,4,4,6.850617864984088e-06,0.0032098121009767056,0.47893115878105164,0.856
stochastic,8,8,4,3.4205370411655167e-06,0.002268511801958084,0.4718538820743561,0.856
stochastic,8,16,4,1.7075167306757066e-06,0.0016028444515541196,0.4689396619796753,0.857
stochastic,8,32,4,8.55107373354258e-07,0.0011342288926243782,0.46760252118110657,0.857
stochastic,8,1,5,2.7385847715777345e-05,0.0064179496839642525,0.0,0.857
stochastic,8,2,5,1.3695212146558333e-05,0.004538480192422867,0.5048950910568237,0.857
stochastic,8,4,5,6.849664259789279e-06,0.0032099352683871984,0.4789506793022156,0.857
stochastic,8,8,5,3.4209083423775155e-06,0.002268620766699314,0.4719022512435913,0.857
stochastic,8,16,5,1.7115276023105253e-06,0.0016044328222051263,0.46897393465042114,0.857
stochastic,8,32,5,8.556618809052452e-07,0.0011344165541231632,0.467647522687912,0.857
stochastic,8,1,6,2.73867990472354e-05,0.006419173441827297,0.0,0.858
stochastic,8,2,6,1.3710074199480005e-05,0.004541335161775351,0.5039410591125488,0.857
stochastic,8,4,6,6.8490003286569845e-06,0.0032099143136292696,0.47905638813972473,0.857
stochastic,8,8,6,3.4218194286950165e-06,0.002269013784825802,0.47178176045417786,0.857
stochastic,8,16,6,1.709613229650131e-06,0.001603427343070507,0.46884411573410034,0.857
stochastic,8,32,6,8.531303024028603e-07,0.001132786856032908,0.4675377905368805,0.857
stochastic,8,1,7,2.7367708753445186e-05,0.00641663558781147,0.0,0.857
stochastic,8,2,7,1.368889024888631e-05,0.004537349566817284,0.5037512183189392,0.857
stochastic,8,4,7,6.847823897260241e-06,0.00320925354026258,0.4788166880607605,0.857
stochastic,8,8,7,3.425202748985612e-06,0.002269771182909608,0.4717535674571991,0.857
stochastic,8,16,7,1.7091085737774847e-06,0.0016037793830037117,0.4688284397125244,0.857
stochastic,8,32,7,8.550460961487261e-07,0.0011341244680806994,0.46753624081611633,0.857
stochastic,8,1,8,2.7344796762918122e-05,0.006413844879716635,0.0,0.856
stochastic,8,2,8,1.36802154884208e-05,0.004536264576017857,0.5038416981697083,0.856
stochastic,8,4,8,6.841150934633333e-06,0.003208150388672948,0.4789069890975952,0.856
stochastic,8,8,8,3.419350605327054e-06,0.002268202370032668,0.47175487875938416,0.856
stochastic,8,16,8,1.7096563169616275e-06,0.0016037288587540388,0.46883881092071533,0.857
stochastic,8,32,8,8.542730824956379e-07,0.001133726560510695,0.4675738513469696,0.857
stochastic,8,1,9,2.7367035727365874e-05,0.006416709627956152,0.0,0.856
stochastic,8,2,9,1.3688611034012865e-05,0.00453815795481205,0.5044879913330078,0.856
stochastic,8,4,9,6.852637852716725e-06,0.0032110344618558884,0.4789251685142517,0.856
stochastic,8,8,9,3.4175118344137445e-06,0.0022677930537611246,0.4717295467853546,0.856
stochastic,8,16,9,1.7118636606028304e-06,0.0016049687983468175,0.468893826007843,0.857
stochastic,8,32,9,8.555897466067108e-07,0.001134333317168057,0.467555969953537,0.857
deterministic,6,1,,0.0002242305490653962,0.018364086747169495,0.0,0.857
deterministic,6,2,,0.0002242305490653962,0.018364086747169495,0.10232283174991608,0.857
deterministic,6,4,,0.0002242305490653962,0.018364086747169495,0.06821522861719131,0.857
deterministic,6,8,,0.0002242305490653962,0.018364084884524345,0.058470193296670914,0.857
deterministic,6,16,,0.0002242305490653962,0.018364086747169495,0.054572176188230515,0.857
deterministic,6,32,,0.0002242305490653962,0.018364086747169495,0.05281178280711174,0.857
stochastic,6,1,0,0.0004477296897675842,0.025954382494091988,0.0,0.857
stochastic,6,2,0,0.00022419804008677602,0.01836669072508812,1.938503623008728,0.856
stochastic,6,4,0,0.00011220238957321271,0.012992114759981632,1.904861569404602,0.857
stochastic,6,8,0,5.608581705018878e-05,0.009185186587274075,1.8954157829284668,0.857
stochastic,6,16,0,2.8023720005876385e-05,0.00649253511801362,1.891683578491211,0.857
stochastic,6,32,0,1.4026535609446e-05,0.0045929341576993465,1.8900015354156494,0.857
stochastic,6,1,1,0.00044853275176137686,0.02597310207784176,0.0,0.856
stochastic,6,2,1,0.00022411003010347486,0.018360808491706848,1.9403737783432007,0.855
stochastic,6,4,1,0.00011216406710445881,0.012989362701773643,1.9055123329162598,0.856
stochastic,6,8,1,5.605622209259309e-05,0.009181245230138302,1.8956705331802368,0.856
stochastic,6,16,1,2.8025604478898458e-05,0.006492587272077799,1.8916996717453003,0.857
stochastic,6,32,1,1.403735404892359e-05,0.004594332072883844,1.8901387453079224,0.857
stochastic,6,1,2,0.00044887681724503636,0.025984786450862885,0.0,0.853
stochastic,6,2,2,0.00022456151782535017,0.018375370651483536,1.9402596950531006,0.854
stochastic,6,4,2,0.00011222668399568647,0.01299305073916912,1.9056462049484253,0.856
stochastic,6,8,2,5.601094017038122e-05,0.009179801680147648,1.8961163759231567,0.857
stochastic,6,16,2,2.8005195417790674e-05,0.006489952094852924,1.8921195268630981,0.857
stochastic,6,32,2,1.4017526154930238e-05,0.00459121260792017,1.890175700187683,0.857
stochastic,6,1,3,0.0004479815543163568,0.025960933417081833,0.0,0.857
stochastic,6,2,3,0.00022409572557080537,0.01835881732404232,1.9391037225723267,0.858
stochastic,6,4,3,0.00011189121869392693,0.01297337468713522,1.9056154489517212,0.857
stochastic,6,8,3,5.592117304331623e-05,0.009172072634100914,1.8956979513168335,0.857
stochastic,6,16,3,2.7993191906716675e-05,0.006489789113402367,1.8919605016708374,0.856
stochastic,6,32,3,1.4006905985297635e-05,0.004589625168591738,1.8899033069610596,0.856
stochastic,6,1,4,0.0004482099902816117,0.02596854232251644,0.0,0.858
stochastic,6,2,4,0.00022414082195609808,0.018361125141382217,1.9406425952911377,0.857
stochastic,6,4,4,0.00011203627218492329,0.01298097986727953,1.9059721231460571,0.857
stochastic,6,8,4,5.60521766601596e-05,0.009181981906294823,1.8962844610214233,0.857
stochastic,6,16,4,2.803156166919507e-05,0.006493156775832176,1.8922616243362427,0.857
stochastic,6,32,4,1.4003592696099076e-05,0.004590080119669437,1.8903391361236572,0.857
stochastic,6,1,5,0.00044809578685089946,0.02596339024603367,0.0,0.858
stochastic,6,2,5,0.0002241429901914671,0.01836320385336876,1.9397703409194946,0.857
stochastic,6,4,5,0.00011192414967808872,0.012976123951375484,1.9066330194473267,0.856
stochastic,6,8,5,5.5954129493329674e-05,0.009173404425382614,1.8963207006454468,0.856
stochastic,6,16,5,2.80069525615545e-05,0.006490421015769243,1.8921130895614624,0.856
stochastic,6,32,5,1.4026500139152631e-05,0.004592736251652241,1.8902041912078857,0.856
stochastic,6,1,6,0.0004479150811675936,0.025958681479096413,0.0,0.856
stochastic,6,2,6,0.00022371146769728512,0.018347246572375298,1.9401029348373413,0.857
stochastic,6,4,6,0.00011197181447641924,0.012978089973330498,1.9054967164993286,0.855
stochastic,6,8,6,5.5937842262210324e-05,0.009172755293548107,1.8957927227020264,0.857
stochastic,6,16,6,2.800832226057537e-05,0.006490653846412897,1.8917938470840454,0.856
stochastic,6,32,6,1.4009949154569767e-05,0.004590125288814306,1.8901883363723755,0.857
stochastic,6,1,7,0.000448475475423038,0.0259716734290123,0.0,0.855
stochastic,6,2,7,0.00022414812701754272,0.01836106926202774,1.9401918649673462,0.855
stochastic,6,4,7,0.00011212588287889957,0.012985613197088242,1.9056123495101929,0.857
stochastic,6,8,7,5.602744568022899e-05,0.009179972112178802,1.8957492113113403,0.856
stochastic,6,16,7,2.8024185667163692e-05,0.006491201929748058,1.8921140432357788,0.857
stochastic,6,32,7,1.4019788977748249e-05,0.0045911893248558044,1.89029061794281,0.857
stochastic,6,1,8,0.000448029168182984,0.025958744809031487,0.0,0.86
stochastic,6,2,8,0.00022391528182197362,0.018351152539253235,1.9405622482299805,0.859
stochastic,6,4,8,0.00011193164391443133,0.01297595351934433,1.905822515487671,0.858
stochastic,6,8,8,5.6060365750454366e-05,0.009181659668684006,1.8956955671310425,0.856
stochastic,6,16,8,2.802363087539561e-05,0.006492356304079294,1.8919488191604614,0.856
stochastic,6,32,8,1.4011291568749584e-05,0.004590076394379139,1.8900964260101318,0.857
stochastic,6,1,9,0.00044864797382615507,0.02598138339817524,0.0,0.855
stochastic,6,2,9,0.00022436754079535604,0.018371379002928734,1.9396522045135498,0.854
stochastic,6,4,9,0.0001122123358072713,0.012989259324967861,1.9056813716888428,0.859
stochastic,6,8,9,5.6056363973766565e-05,0.00918081309646368,1.8961801528930664,0.856
stochastic,6,16,9,2.806761949614156e-05,0.006495920941233635,1.89199960231781,0.856
stochastic,6,32,9,1.4022796676727012e-05,0.004591774195432663,1.890270709991455,0.856
deterministic,4,1,,0.00395866297185421,0.07717860490083694,0.0,0.852
deterministic,4,2,,0.00395866297185421,0.07717860490083694,0.15994864702224731,0.852
deterministic,4,4,,0.00395866297185421,0.07717860490083694,0.10663243383169174,0.852
deterministic,4,8,,0.00395866297185421,0.07717860490083694,0.09139923006296158,0.852
deterministic,4,16,,0.00395866297185421,0.07717860490083694,0.08530595153570175,0.852
deterministic,4,32,,0.00395866297185421,0.07717860490083694,0.08255413919687271,0.852
stochastic,4,1,0,0.007917562499642372,0.10914012789726257,0.0,0.853
stochastic,4,2,0,0.0039571961387991905,0.07715124636888504,8.016230583190918,0.858
stochastic,4,4,0,0.001976372441276908,0.05452882871031761,7.96409273147583,0.856
stochastic,4,8,0,0.0009890447836369276,0.03857411816716194,7.9451775550842285,0.858
stochastic,4,16,0,0.0004944311804138124,0.02727881260216236,7.938849925994873,0.859
stochastic,4,32,0,0.00024725269759073853,0.019287312403321266,7.936831474304199,0.857
stochastic,4,1,1,0.007905890233814716,0.10907690972089767,0.0,0.855
stochastic,4,2,1,0.0039518545381724834,0.07710357010364532,8.015898704528809,0.856
stochastic,4,4,1,0.0019771314691752195,0.05453725904226303,7.958619594573975,0.858
stochastic,4,8,1,0.000988043611869216,0.03856063261628151,7.94522762298584,0.856
stochastic,4,16,1,0.0004942237283103168,0.027269570156931877,7.938462734222412,0.856
stochastic,4,32,1,0.00024729836150072515,0.019290609285235405,7.93658971786499,0.857
stochastic,4,1,2,0.007911228574812412,0.1090843677520752,0.0,0.861
stochastic,4,2,2,0.0039559006690979,0.07714327424764633,8.010139465332031,0.856
stochastic,4,4,2,0.0019779603462666273,0.05455586314201355,7.956145763397217,0.857
stochastic,4,8,2,0.000989167601801455,0.03857327252626419,7.943840026855469,0.856
stochastic,4,16,2,0.0004946760600432754,0.027277249842882156,7.937975883483887,0.858
stochastic,4,32,2,0.00024718642816878855,0.019283786416053772,7.936460971832275,0.858
stochastic,4,1,3,0.007912333123385906,0.10911078006029129,0.0,0.858
stochastic,4,2,3,0.003958503250032663,0.0771695077419281,8.016894340515137,0.858
stochastic,4,4,3,0.001978798070922494,0.05456775426864624,7.963943004608154,0.855
stochastic,4,8,3,0.0009887998457998037,0.03857225552201271,7.948399066925049,0.857
stochastic,4,16,3,0.0004946065600961447,0.027279499918222427,7.9408674240112305,0.857
stochastic,4,32,3,0.0002471459156367928,0.019283894449472427,7.937459468841553,0.857
stochastic,4,1,4,0.007920904085040092,0.10914845019578934,0.0,0.857
stochastic,4,2,4,0.003959519322961569,0.07717785984277725,8.015015602111816,0.859
stochastic,4,4,4,0.001978975487872958,0.054562002420425415,7.964323043823242,0.858
stochastic,4,8,4,0.0009914976544678211,0.038616690784692764,7.94734525680542,0.858
stochastic,4,16,4,0.0004954676842316985,0.027298614382743835,7.941018581390381,0.858
stochastic,4,32,4,0.00024762217071838677,0.019298506900668144,7.937417984008789,0.858
stochastic,4,1,5,0.00791054219007492,0.10909109562635422,0.0,0.854
stochastic,4,2,5,0.003954546991735697,0.07713296264410019,8.01400375366211,0.86
stochastic,4,4,5,0.0019760634750127792,0.05452943593263626,7.961458683013916,0.862
stochastic,4,8,5,0.0009902754100039601,0.038597289472818375,7.944862365722656,0.858
stochastic,4,16,5,0.000494490668643266,0.027273451909422874,7.939825057983398,0.858
stochastic,4,32,5,0.0002471987099852413,0.019285403192043304,7.936727523803711,0.856
stochastic,4,1,6,0.007910740561783314,0.10910267382860184,0.0,0.853
stochastic,4,2,6,0.0039569418877363205,0.07715737074613571,8.016850471496582,0.855
stochastic,4,4,6,0.0019793459214270115,0.054557785391807556,7.9610137939453125,0.859
stochastic,4,8,6,0.0009899730794131756,0.038586631417274475,7.944681167602539,0.856
stochastic,4,16,6,0.0004950690199621022,0.027290698140859604,7.9395432472229,0.857
stochastic,4,32,6,0.0002472824708092958,0.019288649782538414,7.937249660491943,0.858
stochastic,4,1,7,0.007911423221230507,0.109092578291893,0.0,0.86
stochastic,4,2,7,0.003957918379455805,0.07715620845556259,8.009726524353027,0.86
stochastic,4,4,7,0.001978954067453742,0.05456279590725899,7.957682132720947,0.86
stochastic,4,8,7,0.0009892943780869246,0.038575537502765656,7.944808483123779,0.859
stochastic,4,16,7,0.0004941342049278319,0.027266468852758408,7.939091205596924,0.858
stochastic,4,32,7,0.00024749053409323096,0.01929446868598461,7.936913013458252,0.856
stochastic,4,1,8,0.007905406877398491,0.10908222943544388,0.0,0.854
stochastic,4,2,8,0.003954274579882622,0.07714017480611801,8.013108253479004,0.856
stochastic,4,4,8,0.001977678155526519,0.05455361306667328,7.960190773010254,0.855
stochastic,4,8,8,0.0009893879760056734,0.038587573915719986,7.945581912994385,0.858
stochastic,4,16,8,0.0004950592410750687,0.027287287637591362,7.939309120178223,0.857
stochastic,4,32,8,0.0002470760664436966,0.019279681146144867,7.936731338500977,0.857
stochastic,4,1,9,0.00791873224079609,0.10915370285511017,0.0,0.86
stochastic,4,2,9,0.003959403373301029,0.07717883586883545,8.01439094543457,0.859
stochastic,4,4,9,0.0019764755852520466,0.05453483760356903,7.963430404663086,0.854
stochastic,4,8,9,0.0009884265018627048,0.03855513781309128,7.947329521179199,0.855
stochastic,4,16,9,0.0004945166292600334,0.02727373130619526,7.939916610717773,0.854
stochastic,4,32,9,0.0002472744381520897,0.019283797591924667,7.93671178817749,0.855
deterministic,3,1,,0.01821933314204216,0.16554050147533417,0.0,0.846
deterministic,3,2,,0.01821933314204216,0.16554050147533417,0.17417709529399872,0.846
deterministic,3,4,,0.01821933314204216,0.16554050147533417,0.11611805856227875,0.846
deterministic,3,8,,0.01821933314204216,0.16554050147533417,0.09952975809574127,0.846
deterministic,3,16,,0.01821933314204216,0.16554050147533417,0.09289444983005524,0.846
deterministic,3,32,,0.01821933314204216,0.16554050147533417,0.08989784866571426,0.846
stochastic,3,1,0,0.03639211878180504,0.23400504887104034,0.0,0.853
stochastic,3,2,0,0.018204733729362488,0.16549420356750488,17.093791961669922,0.846
stochastic,3,4,0,0.009097776375710964,0.11698412150144577,17.038949966430664,0.855
stochastic,3,8,0,0.004546219017356634,0.08270536363124847,17.02272605895996,0.858
stochastic,3,16,0,0.002274814061820507,0.05850088223814964,17.016523361206055,0.858
stochastic,3,32,0,0.0011379129718989134,0.041384223848581314,17.01433563232422,0.857
stochastic,3,1,1,0.0363575704395771,0.23386800289154053,0.0,0.855
stochastic,3,2,1,0.018177920952439308,0.16536448895931244,17.102054595947266,0.855
stochastic,3,4,1,0.009094808250665665,0.1169731467962265,17.03573226928711,0.856
stochastic,3,8,1,0.0045492881909012794,0.08271598070859909,17.022193908691406,0.855
stochastic,3,16,1,0.0022730540949851274,0.058464549481868744,17.016969680786133,0.853
stochastic,3,32,1,0.0011367702390998602,0.041344936937093735,17.014039993286133,0.858
stochastic,3,1,2,0.036383576691150665,0.2339359074831009,0.0,0.856
stochastic,3,2,2,0.018191562965512276,0.1654365360736847,17.104476928710938,0.853
stochastic,3,4,2,0.009096707217395306,0.11697086691856384,17.04189109802246,0.854
stochastic,3,8,2,0.004542602691799402,0.08267347514629364,17.027101516723633,0.856
stochastic,3,16,2,0.002272691112011671,0.05847860127687454,17.019163131713867,0.855
stochastic,3,32,2,0.001136674894951284,0.041356466710567474,17.01715850830078,0.858
stochastic,3,1,3,0.03637906536459923,0.23395051062107086,0.0,0.85
stochastic,3,2,3,0.018203511834144592,0.16549038887023926,17.08528709411621,0.854
stochastic,3,4,3,0.00907936878502369,0.11687331646680832,17.043170928955078,0.856
stochastic,3,8,3,0.004546447657048702,0.0826978087425232,17.023435592651367,0.853
stochastic,3,16,3,0.0022737784311175346,0.05847673490643501,17.017480850219727,0.855
stochastic,3,32,3,0.0011360602220520377,0.04133524373173714,17.015050888061523,0.856
stochastic,3,1,4,0.036340173333883286,0.23382948338985443,0.0,0.857
stochastic,3,2,4,0.018203048035502434,0.16547536849975586,17.093839645385742,0.859
stochastic,3,4,4,0.009100981056690216,0.11698327958583832,17.041706085205078,0.852
stochastic,3,8,4,0.004551325459033251,0.0827130451798439,17.02870750427246,0.857
stochastic,3,16,4,0.002271185861900449,0.05844767764210701,17.020444869995117,0.858
stochastic,3,32,4,0.001138488296419382,0.041375529021024704,17.015668869018555,0.855
stochastic,3,1,5,0.0363592691719532,0.2338573932647705,0.0,0.857
stochastic,3,2,5,0.018205778673291206,0.16546490788459778,17.083940505981445,0.858
stochastic,3,4,5,0.009110823273658752,0.11703572422266006,17.03582000732422,0.853
stochastic,3,8,5,0.004554492887109518,0.0827442854642868,17.0224609375,0.852
stochastic,3,16,5,0.0022741283755749464,0.05848424509167671,17.01781463623047,0.849
stochastic,3,32,5,0.0011383483652025461,0.04137130454182625,17.014455795288086,0.853
stochastic,3,1,6,0.036353979259729385,0.2338460087776184,0.0,0.85
stochastic,3,2,6,0.01819268800318241,0.1654108315706253,17.08364486694336,0.85
stochastic,3,4,6,0.009093665517866611,0.11693839728832245,17.03531265258789,0.857
stochastic,3,8,6,0.0045430525206029415,0.08267142623662949,17.022584915161133,0.857
stochastic,3,16,6,0.0022726482711732388,0.05847155675292015,17.01742172241211,0.858
stochastic,3,32,6,0.0011380321811884642,0.04137253016233444,17.01442527770996,0.861
stochastic,3,1,7,0.036415863782167435,0.23403309285640717,0.0,0.846
stochastic,3,2,7,0.01819123700261116,0.1654384732246399,17.106420516967773,0.851
stochastic,3,4,7,0.009106374345719814,0.11702326685190201,17.044939041137695,0.852
stochastic,3,8,7,0.004546688869595528,0.08269139379262924,17.02634620666504,0.85
stochastic,3,16,7,0.002272718818858266,0.05847065895795822,17.017757415771484,0.856
stochastic,3,32,7,0.0011367936385795474,0.04134521260857582,17.014286041259766,0.858
stochastic,3,1,8,0.03638353943824768,0.23396345973014832,0.0,0.859
stochastic,3,2,8,0.01820981130003929,0.16548840701580048,17.091861724853516,0.858
stochastic,3,4,8,0.009103390388190746,0.11702042818069458,17.04475975036621,0.857
stochastic,3,8,8,0.004548252560198307,0.08269307017326355,17.027469635009766,0.857
stochastic,3,16,8,0.00227473396807909,0.05849528685212135,17.01969337463379,0.854
stochastic,3,32,8,0.0011362915392965078,0.041346609592437744,17.016292572021484,0.855
stochastic,3,1,9,0.03636084124445915,0.2338840663433075,0.0,0.85
stochastic,3,2,9,0.01818736270070076,0.16542422771453857,17.096445083618164,0.854
stochastic,3,4,9,0.009095593355596066,0.11698286235332489,17.041406631469727,0.857
stochastic,3,8,9,0.004543801303952932,0.08267863094806671,17.02619743347168,0.858
stochastic,3,16,9,0.0022730643395334482,0.05848131701350212,17.01732063293457,0.856
stochastic,3,32,9,0.0011375680333003402,0.041364867240190506,17.01388168334961,0.857
deterministic,2,1,,0.10012243688106537,0.3878364562988281,0.0,0.842
deterministic,2,2,,0.10012243688106537,0.3878364562988281,0.21188350021839142,0.842
deterministic,2,4,,0.10012243688106537,0.3878364562988281,0.14125566184520721,0.842
deterministic,2,8,,0.10012243688106537,0.38783642649650574,0.12107628583908081,0.842
deterministic,2,16,,0.10012243688106537,0.3878364562988281,0.11300453543663025,0.842
deterministic,2,32,,0.10012243688106537,0.3878364562988281,0.10935921967029572,0.842
stochastic,2,1,0,0.19932083785533905,0.5472365021705627,0.0,0.833
stochastic,2,2,0,0.09957051277160645,0.38682207465171814,39.918949127197266,0.851
stochastic,2,4,0,0.049758490175008774,0.27345380187034607,39.84453582763672,0.849
stochastic,2,8,0,0.024891305714845657,0.19338524341583252,39.81367111206055,0.858
stochastic,2,16,0,0.012453355826437473,0.1367754489183426,39.801021575927734,0.855
stochastic,2,32,0,0.006237141788005829,0.09680082648992538,39.79599380493164,0.859
stochastic,2,1,1,0.19902920722961426,0.5470095276832581,0.0,0.829
stochastic,2,2,1,0.09959303587675095,0.38696178793907166,39.90781784057617,0.844
stochastic,2,4,1,0.04968574643135071,0.27332934737205505,39.845027923583984,0.85
stochastic,2,8,1,0.02489926479756832,0.1934593766927719,39.8062858581543,0.857
stochastic,2,16,1,0.012449979782104492,0.13680407404899597,39.80059814453125,0.855
stochastic,2,32,1,0.006230308208614588,0.09676457196474075,39.79661560058594,0.853
stochastic,2,1,2,0.1994396597146988,0.5475187301635742,0.0,0.829
stochastic,2,2,2,0.09967093169689178,0.3871117830276489,39.922569274902344,0.85
stochastic,2,4,2,0.0498608835041523,0.2738073766231537,39.83412551879883,0.848
stochastic,2,8,2,0.02487669326364994,0.19340930879116058,39.811798095703125,0.857
stochastic,2,16,2,0.012431123293936253,0.13669443130493164,39.805152893066406,0.863
stochastic,2,32,2,0.006223028060048819,0.0966901034116745,39.797794342041016,0.856
stochastic,2,1,3,0.19917486608028412,0.5471664071083069,0.0,0.825
stochastic,2,2,3,0.09954766929149628,0.386780321598053,39.92085647583008,0.842
stochastic,2,4,3,0.04976480454206467,0.27347418665885925,39.840152740478516,0.852
stochastic,2,8,3,0.024862678721547127,0.19332629442214966,39.81563186645508,0.854
stochastic,2,16,3,0.012455945834517479,0.13685792684555054,39.80475616455078,0.854
stochastic,2,32,3,0.0062216175720095634,0.09671368449926376,39.799095153808594,0.858
stochastic,2,1,4,0.19908444583415985,0.5469926595687866,0.0,0.822
stochastic,2,2,4,0.09948670119047165,0.3867461681365967,39.9136962890625,0.844
stochastic,2,4,4,0.04977846518158913,0.2735348641872406,39.83024978637695,0.857
stochastic,2,8,4,0.024906275793910027,0.19347143173217773,39.807533264160156,0.855
stochastic,2,16,4,0.012439534068107605,0.13673223555088043,39.802669525146484,0.853
stochastic,2,32,4,0.006224385462701321,0.09671532362699509,39.797706604003906,0.851
stochastic,2,1,5,0.19908609986305237,0.5470622777938843,0.0,0.839
stochastic,2,2,5,0.09966297447681427,0.38698241114616394,39.905548095703125,0.847
stochastic,2,4,5,0.04985368624329567,0.27368971705436707,39.83766174316406,0.847
stochastic,2,8,5,0.024918919429183006,0.1935114711523056,39.80823516845703,0.854
stochastic,2,16,5,0.012457134202122688,0.13682888448238373,39.798946380615234,0.858
stochastic,2,32,5,0.006221322808414698,0.09669621288776398,39.79743576049805,0.86
stochastic,2,1,6,0.19918417930603027,0.5471730828285217,0.0,0.82
stochastic,2,2,6,0.09966576844453812,0.38706734776496887,39.88861083984375,0.836
stochastic,2,4,6,0.04982062429189682,0.27361026406288147,39.827491760253906,0.835
stochastic,2,8,6,0.02492816187441349,0.19356143474578857,39.80328369140625,0.85
stochastic,2,16,6,0.012469975277781487,0.13691148161888123,39.800601959228516,0.848
stochastic,2,32,6,0.006236685905605555,0.09680089354515076,39.797664642333984,0.856
stochastic,2,1,7,0.1993098109960556,0.5473269820213318,0.0,0.839
stochastic,2,2,7,0.09965188801288605,0.38696593046188354,39.9219970703125,0.851
stochastic,2,4,7,0.04984431341290474,0.27369895577430725,39.83763885498047,0.849
stochastic,2,8,7,0.024914970621466637,0.1935170739889145,39.81060028076172,0.856
stochastic,2,16,7,0.012440638616681099,0.1367323249578476,39.808937072753906,0.856
stochastic,2,32,7,0.006227717734873295,0.09675845503807068,39.80012512207031,0.856
stochastic,2,1,8,0.19915084540843964,0.5470949411392212,0.0,0.819
stochastic,2,2,8,0.0996600016951561,0.38698506355285645,39.910316467285156,0.836
stochastic,2,4,8,0.04981471225619316,0.27355077862739563,39.83902359008789,0.848
stochastic,2,8,8,0.024911176413297653,0.19348783791065216,39.80963134765625,0.851
stochastic,2,16,8,0.012465825304389,0.1368672400712967,39.80029296875,0.849
stochastic,2,32,8,0.006223542615771294,0.0967259556055069,39.79592514038086,0.855
stochastic,2,1,9,0.19927449524402618,0.5473018884658813,0.0,0.837
stochastic,2,2,9,0.09960035234689713,0.38686931133270264,39.92998504638672,0.848
stochastic,2,4,9,0.049808260053396225,0.2736188471317291,39.82423782348633,0.848
stochastic,2,8,9,0.02493380382657051,0.19360095262527466,39.80202102661133,0.854
stochastic,2,16,9,0.012437263503670692,0.13675063848495483,39.79927444458008,0.854
stochastic,2,32,9,0.006222526542842388,0.09672661125659943,39.796241760253906,0.855
