bits,replicas,deterministic_mse,stochastic_mse_mean,stochastic_mse_std,deterministic_accuracy,stochastic_accuracy_mean,stochastic_accuracy_std,honest_stochastic_divergence,mse_diff_det_minus_stoch,p_value_stoch_vs_det_mse
8,1,1.366960714221932e-05,2.73526338787633e-05,2.609105105453978e-08,0.856,0.8565999999999999,0.0006992058987801016,0.0,1.368302673654398e-05,0.0
8,2,1.366960714221932e-05,1.368719258607598e-05,1.1426125292668069e-08,0.856,0.8565999999999999,0.0005163977794943227,0.5041013300418854,1.7585443856660278e-08,1.13349954888875e-06
8,4,1.366960714221932e-05,6.84490692037798e-06,6.705568467857323e-09,0.856,0.8564999999999999,0.0005270462766947304,0.47892347276210784,-6.82470022184134e-06,0.0
8,8,1.3669608051714022e-05,3.421674841774802e-06,3.152309466290847e-09,0.856,0.8565999999999999,0.0005163977794943227,0.4717703104019165,-1.024793320993922e-05,0.0
8,16,1.3669609870703425e-05,1.710188553261105e-06,1.4472367695596431e-09,0.856,0.857,0.0,0.4688996851444244,-1.1959421317442321e-05,0.0
8,32,1.3669609870703425e-05,8.546920184926421e-07,9.972837058981442e-10,0.856,0.857,0.0,0.4675901263952255,-1.2814917852210783e-05,0.0
6,1,0.0002242305490653962,0.0004482494288822636,3.66844366005835e-07,0.857,0.8564999999999999,0.0019578900207451234,0.0,0.0002240188798168674,0.0
6,2,0.0002242305490653962,0.00022413915430661291,2.2849407222895515e-07,0.857,0.8562,0.0016865480854231373,1.9399163007736206,-9.139475878328085e-08,0.20591745167457987
6,4,0.0002242305490653962,0.00011206864583073184,1.322644551856336e-07,0.857,0.8568,0.0011352924243950944,1.9056853652000427,-0.00011216190323466435,0.0
6,8,0.0002242305490653962,5.6016247617662886e-05,5.819821854289004e-08,0.857,0.8564999999999999,0.0005270462766947304,1.8958923459053039,-0.0001682143014477333,0.0
6,16,0.0002242305490653962,2.80209984339308e-05,2.0307979727018046e-08,0.857,0.8564999999999999,0.0005270462766947304,1.8919694304466248,-0.0001962095506314654,0.0
6,32,0.0002242305490653962,1.4018224101164379e-05,1.0467334366690518e-08,0.857,0.8567,0.00048304589153964835,1.890160870552063,-0.0002102123249642318,0.0
4,1,0.00395866297185421,0.007912476360797883,5.1513390637497055e-06,0.852,0.8564999999999999,0.003100179206289715,0.0,0.003953813388943672,0.0
4,2,0.00395866297185421,0.003956605913117528,2.4685723688083863e-06,0.852,0.8577,0.0018287822299126954,8.0142258644104,-2.057058736681938e-06,0.008410689321750153
4,4,0.00395866297185421,0.0019777755020186304,1.2196843111369905e-06,0.852,0.8573999999999999,0.002503331114069147,7.961089992523194,-0.0019808874698355795,0.0
4,8,0.00395866297185421,0.000989391084294766,9.90694630500116e-07,0.852,0.8571,0.00128668393770792,7.945725297927856,-0.002969271887559444,0.0
4,16,0.00395866297185421,0.000494667497696355,4.149934809357582e-07,0.852,0.8572,0.0013984117975602032,7.9394859790802,-0.003463995474157855,0.0
4,32,0.00395866297185421,0.0002472827793098986,1.6240519646477328e-07,0.852,0.8568999999999999,0.0009944289260117541,7.936909294128418,-0.0037113801925443115,0.0
3,1,0.01821933314204216,0.03637259975075722,2.2297945410120453e-05,0.846,0.8533,0.004164666186436132,0.0,0.01815326660871506,0.0
3,2,0.01821933314204216,0.018196765519678592,1.009781265391694e-05,0.846,0.8538,0.004049691346263321,17.094176292419434,-2.256762236356735e-05,1.5787371410169726e-12
3,4,0.01821933314204216,0.009097948856651782,8.538105720323663e-06,0.846,0.8549,0.0020248456731316606,17.040368843078614,-0.009121384285390378,0.0
3,8,0.01821933314204216,0.00454721711575985,3.761628981646844e-06,0.846,0.8553,0.002750757471437037,17.024922370910645,-0.013672116026282311,0.0
3,16,0.01821933314204216,0.0022732817335054277,1.1044991337755903e-06,0.846,0.8552,0.0027808871486152305,17.01805896759033,-0.01594605140853673,0.0
3,32,0.01821933314204216,0.0011372940381988883,8.804213266197519e-07,0.846,0.8568,0.002201009869229226,17.01495952606201,-0.01708203910384327,0.0
2,1,0.10012243688106537,0.19920544475317,0.00012829846626087724,0.842,0.8291999999999999,0.007641989269817127,0.0,0.09908300787210464,0.0
2,2,0.10012243688106537,0.09961098358035088,6.227359050807751e-05,0.842,0.8449,0.005606543795720621,39.91403465270996,-0.0005114533007144928,0.0
2,4,0.10012243688106537,0.04979899860918522,5.347077819655443e-05,0.842,0.8483,0.005498484639728785,39.83601455688476,-0.05032343827188015,0.0
2,8,0.10012243688106537,0.024904325045645236,2.237882102860846e-05,0.842,0.8545999999999999,0.0025905812303633952,39.808869171142575,-0.07521811183542013,0.0
2,16,0.10012243688106537,0.012450077570974827,1.2748085587658008e-05,0.842,0.8545,0.004249182927993991,39.80222511291504,-0.08767235931009054,0.0
2,32,0.10012243688106537,0.006226827669888735,5.9964203631529e-06,0.842,0.8558999999999999,0.002685351208149713,39.79745979309082,-0.09389560921117664,0.0
